instance,num_var,velox_runtime[ms],velox_energy,dwave_energy,qpu_time[ms],velox_solution,dwave_solution
qubo-2.txt,4,56.91707,0.0,0.0,106.63268,1;1;0;1,1;1;0;1
qubo-3.txt,7,28.217485,-2.0,-2.0,88.2822,1;1;0;1;0;1;0,0;0;0;0;1;1;0
qubo-4.txt,10,37.012822,-2.0,-2.0,91.90716,1;1;0;1;0;1;0;0;0;0,0;0;0;0;1;1;0;1;0;1
qubo-5.txt,13,34.652179999999994,-4.0,-4.0,132.8262,0;0;0;0;1;1;0;1;0;1;0;1;0,0;0;0;0;1;1;0;1;0;1;0;1;0
qubo-6.txt,16,33.032199999999996,-4.0,-4.0,107.24668,1;1;0;1;0;1;0;0;0;0;1;1;0;1;0;1,1;1;0;1;0;1;0;0;0;0;1;1;0;1;0;1
qubo-7.txt,19,28.300349,-6.0,-6.0,105.52596000000001,0;0;0;0;1;1;0;1;0;1;0;1;0;0;0;0;1;1;0,1;1;0;1;0;1;0;0;0;0;1;1;0;1;0;1;0;1;0
qubo-8.txt,22,27.994646000000003,-6.0,-6.0,93.27932000000001,0;0;0;0;1;1;0;1;0;1;0;1;0;0;0;0;1;1;0;1;0;1,0;0;0;0;1;1;0;1;0;1;0;1;0;0;0;0;1;1;0;1;0;1
qubo-9.txt,25,33.125873999999996,-8.0,-8.0,110.68732000000001,0;0;0;0;1;1;0;1;0;1;0;1;0;0;0;0;1;1;0;1;0;1;0;1;0,1;1;0;1;0;1;0;0;0;0;1;1;0;1;0;1;0;1;0;0;0;0;1;1;0
qubo-10.txt,28,28.402663,-8.0,-8.0,89.28532000000001,0;0;0;0;1;1;0;1;0;1;0;1;0;0;0;0;1;1;0;1;0;1;0;1;0;0;0;0,0;0;0;0;1;1;0;1;0;1;0;1;0;0;0;0;1;1;0;1;0;1;0;1;0;0;0;0
qubo-11.txt,31,28.259703000000002,-10.0,-10.0,102.55636,1;1;0;1;0;1;0;0;0;0;1;1;0;1;0;1;0;1;0;0;0;0;1;1;0;1;0;1;0;1;0,0;0;0;0;1;1;0;1;0;1;0;1;0;0;0;0;1;1;0;1;0;1;0;1;0;0;0;0;1;1;0
qubo-12.txt,34,32.912173,-10.0,-9.0,151.23812,1;1;0;1;0;1;0;0;0;0;1;1;0;1;0;1;0;1;0;0;0;0;1;1;0;1;0;1;0;1;0;0;0;0,0;0;0;0;1;1;0;1;0;1;0;1;0;1;0;0;0;1;0;0;0;0;1;1;0;1;0;1;0;1;0;0;0;0
qubo-13.txt,37,32.673543,-12.0,-11.0,112.53052000000001,0;0;0;0;1;1;0;1;0;1;0;1;0;0;0;0;1;1;0;1;0;1;0;1;0;0;0;0;1;1;0;1;0;1;0;1;0,0;0;0;0;1;1;0;1;0;1;0;1;0;0;0;0;1;1;0;1;0;1;0;1;0;0;0;0;1;1;0;0;0;1;1;1;0
qubo-14.txt,40,32.322238000000006,-12.0,-10.0,95.77828,1;1;0;1;0;1;0;0;0;0;1;1;0;1;0;1;0;1;0;0;0;0;1;1;0;1;0;1;0;1;0;0;0;0;1;1;0;1;0;1,0;0;0;0;1;1;0;1;0;1;0;1;0;0;0;0;0;1;0;0;0;0;1;1;0;1;0;1;0;1;0;1;0;1;0;1;0;0;0;0
qubo-15.txt,43,32.587691,-14.0,-14.0,150.41852,0;0;0;0;1;1;0;1;0;1;0;1;0;0;0;0;1;1;0;1;0;1;0;1;0;0;0;0;1;1;0;1;0;1;0;1;0;0;0;0;1;1;0,0;0;0;0;1;1;0;1;0;1;0;1;0;0;0;0;1;1;0;1;0;1;0;1;0;0;0;0;1;1;0;1;0;1;0;1;0;0;0;0;1;1;0
qubo-16.txt,46,28.236415,-14.0,-13.0,114.96803999999999,1;1;0;1;0;1;0;0;0;0;1;1;0;1;0;1;0;1;0;0;0;0;1;1;0;1;0;1;0;1;0;0;0;0;1;1;0;1;0;1;0;1;0;0;0;0,1;1;0;1;0;1;0;0;0;0;0;1;0;0;0;0;1;1;0;1;0;1;0;1;0;0;0;0;1;1;0;1;0;1;0;1;0;0;0;0;1;1;0;1;0;1
qubo-17.txt,49,30.059444000000003,-16.0,-14.0,114.72188,1;1;0;1;0;1;0;0;0;0;1;1;0;1;0;1;0;1;0;0;0;0;1;1;0;1;0;1;0;1;0;0;0;0;1;1;0;1;0;1;0;1;0;0;0;0;1;1;0,0;0;0;0;1;1;0;1;0;1;0;1;0;0;0;0;1;1;0;1;0;1;0;1;0;0;0;0;1;1;0;1;0;1;0;1;0;1;0;0;1;1;0;1;0;1;0;1;0
qubo-18.txt,52,32.627963,-16.0,-14.0,115.54068,1;1;0;1;0;1;0;0;0;0;1;1;0;1;0;1;0;1;0;0;0;0;1;1;0;1;0;1;0;1;0;0;0;0;1;1;0;1;0;1;0;1;0;0;0;0;1;1;0;1;0;1,0;0;0;0;1;1;0;0;0;1;1;1;0;1;0;1;0;1;0;1;0;0;0;1;0;0;0;0;1;1;0;1;0;1;0;1;0;0;0;0;1;1;0;1;0;1;0;1;0;0;0;0
qubo-19.txt,55,35.493231,-18.0,-16.0,105.42396000000001,0;0;0;0;1;1;0;1;0;1;0;1;0;0;0;0;1;1;0;1;0;1;0;1;0;0;0;0;1;1;0;1;0;1;0;1;0;0;0;0;1;1;0;1;0;1;0;1;0;0;0;0;1;1;0,0;0;0;0;1;1;0;1;0;1;1;1;1;1;0;1;0;1;0;0;0;0;1;1;0;1;0;1;0;1;0;0;0;0;1;1;0;1;0;1;0;1;0;0;0;0;1;1;0;1;0;1;1;1;1
qubo-20.txt,58,33.091052000000005,-18.0,-14.0,103.57996,1;1;0;1;0;1;0;0;0;0;1;1;0;1;0;1;0;1;0;0;0;0;1;1;0;1;0;1;0;1;0;0;0;0;1;1;0;1;0;1;0;1;0;0;0;0;1;1;0;1;0;1;0;1;0;0;0;0,0;0;0;0;1;1;0;0;0;1;1;1;0;1;0;1;0;1;0;1;0;0;0;1;0;0;0;0;1;1;0;1;0;1;0;1;0;0;0;0;1;1;0;1;0;1;1;0;1;1;0;1;0;1;0;0;0;0
qubo-21.txt,61,27.913642,-20.0,-17.0,116.4422,1;1;0;1;0;1;0;0;0;0;1;1;0;1;0;1;0;1;0;0;0;0;1;1;0;1;0;1;0;1;0;0;0;0;1;1;0;1;0;1;0;1;0;0;0;0;1;1;0;1;0;1;0;1;0;0;0;0;1;1;0,1;1;0;1;0;1;0;1;0;0;0;1;0;0;0;0;1;1;0;1;0;1;0;1;0;1;0;0;0;1;0;0;0;0;1;1;0;1;0;1;0;1;0;0;0;0;1;1;0;1;0;1;0;1;0;1;0;0;0;1;0
qubo-22.txt,64,38.830895999999996,-20.0,-17.0,98.3178,1;1;0;1;0;1;0;0;0;0;1;1;0;1;0;1;0;1;0;0;0;0;1;1;0;1;0;1;0;1;0;0;0;0;1;1;0;1;0;1;0;1;0;0;0;0;1;1;0;1;0;1;0;1;0;0;0;0;1;1;0;1;0;1,1;1;0;1;0;1;0;0;0;0;1;1;0;1;0;1;0;1;0;0;0;0;1;1;0;1;0;1;1;1;1;1;0;1;0;1;0;0;0;0;1;1;0;1;0;1;0;1;0;1;0;1;0;1;0;0;0;0;1;1;0;0;0;1
qubo-23.txt,67,28.030883,-22.0,-18.0,118.51068,1;1;0;1;0;1;0;0;0;0;1;1;0;1;0;1;0;1;0;0;0;0;1;1;0;1;0;1;0;1;0;0;0;0;1;1;0;1;0;1;0;1;0;0;0;0;1;1;0;1;0;1;0;1;0;0;0;0;1;1;0;1;0;1;0;1;0,1;0;0;0;1;1;0;1;0;1;0;1;0;0;0;0;1;1;0;1;0;1;0;1;0;0;0;0;1;1;0;1;0;1;0;1;0;1;0;0;0;1;0;0;0;0;0;1;0;0;0;0;1;1;0;0;0;0;1;1;0;1;0;1;0;1;0
qubo-24.txt,70,27.561689,-22.0,-17.0,120.49803999999999,1;1;0;1;0;1;0;0;0;0;1;1;0;1;0;1;0;1;0;0;0;0;1;1;0;1;0;1;0;1;0;0;0;0;1;1;0;1;0;1;0;1;0;0;0;0;1;1;0;1;0;1;0;1;0;0;0;0;1;1;0;1;0;1;0;1;0;0;0;0,1;0;0;1;1;1;0;1;0;1;0;1;0;0;0;0;1;1;0;0;0;0;1;1;0;1;0;1;0;1;0;1;0;0;0;1;0;0;0;0;1;1;0;1;0;1;0;1;0;0;0;0;1;1;0;1;0;1;0;1;0;0;0;0;0;0;0;0;0;0
qubo-25.txt,73,32.796015999999995,-24.0,-17.0,157.31948,0;0;0;0;1;1;0;1;0;1;0;1;0;0;0;0;1;1;0;1;0;1;0;1;0;0;0;0;1;1;0;1;0;1;0;1;0;0;0;0;1;1;0;1;0;1;0;1;0;0;0;0;1;1;0;1;0;1;0;1;0;0;0;0;1;1;0;1;0;1;0;1;0,0;1;0;0;0;1;0;0;0;0;1;1;0;1;0;1;1;1;0;0;0;1;1;1;0;1;0;1;0;1;0;0;0;0;1;1;0;1;0;1;1;1;0;1;0;1;0;1;0;1;0;0;0;1;0;0;0;0;1;1;0;1;0;1;1;1;0;1;0;1;1;1;1
qubo-26.txt,76,28.170438,-24.0,-17.0,151.19716,0;0;0;0;1;1;0;1;0;1;0;1;0;0;0;0;1;1;0;1;0;1;0;1;0;0;0;0;1;1;0;1;0;1;0;1;0;0;0;0;1;1;0;1;0;1;0;1;0;0;0;0;1;1;0;1;0;1;0;1;0;0;0;0;1;1;0;1;0;1;0;1;0;0;0;0,1;0;0;0;1;1;0;0;0;1;1;1;0;1;0;1;0;1;0;0;0;0;1;1;0;1;0;1;1;1;0;1;0;1;0;1;0;0;0;0;1;1;0;1;0;1;0;1;0;1;0;0;0;1;0;0;0;0;0;1;0;0;0;0;1;1;0;1;0;1;1;1;0;0;0;1
qubo-27.txt,79,33.160464,-26.0,-19.0,161.62228,1;1;0;1;0;1;0;0;0;0;1;1;0;1;0;1;0;1;0;0;0;0;1;1;0;1;0;1;0;1;0;0;0;0;1;1;0;1;0;1;0;1;0;0;0;0;1;1;0;1;0;1;0;1;0;0;0;0;1;1;0;1;0;1;0;1;0;0;0;0;1;1;0;1;0;1;0;1;0,1;0;0;0;1;1;0;0;0;0;1;1;0;0;0;1;1;1;0;1;0;1;0;1;0;0;0;0;1;1;0;1;0;1;0;1;0;0;0;0;1;1;0;1;0;1;1;1;1;1;0;1;0;1;0;1;1;0;1;1;0;1;0;1;0;1;0;0;0;0;1;1;0;1;0;1;0;1;0
qubo-28.txt,82,33.236004,-26.0,-20.0,160.2694,0;0;0;0;1;1;0;1;0;1;0;1;0;0;0;0;1;1;0;1;0;1;0;1;0;0;0;0;1;1;0;1;0;1;0;1;0;0;0;0;1;1;0;1;0;1;0;1;0;0;0;0;1;1;0;1;0;1;0;1;0;0;0;0;1;1;0;1;0;1;0;1;0;0;0;0;1;1;0;1;0;1,1;1;0;1;0;1;0;1;0;1;0;1;0;1;0;0;0;1;0;0;0;0;1;1;0;0;0;1;1;1;0;0;0;1;1;1;0;1;0;1;0;1;0;0;0;0;1;1;0;0;0;0;1;1;0;1;0;1;0;1;0;1;0;0;0;1;0;0;0;0;1;1;0;1;0;1;0;1;0;0;0;0
qubo-29.txt,85,28.27104,-28.0,-19.0,96.22924,1;1;0;1;0;1;0;0;0;0;1;1;0;1;0;1;0;1;0;0;0;0;1;1;0;1;0;1;0;1;0;0;0;0;1;1;0;1;0;1;0;1;0;0;0;0;1;1;0;1;0;1;0;1;0;0;0;0;1;1;0;1;0;1;0;1;0;0;0;0;1;1;0;1;0;1;0;1;0;0;0;0;1;1;0,0;0;0;0;1;1;0;1;0;1;0;1;0;1;0;0;1;1;0;1;0;1;1;1;0;1;0;1;0;1;0;0;0;0;1;1;0;1;0;1;0;1;0;0;0;0;1;0;0;1;0;1;0;1;0;0;0;0;1;1;0;1;0;1;0;1;0;0;0;0;1;1;0;0;0;0;0;1;0;0;0;0;0;1;0
qubo-30.txt,88,32.303402,-28.0,-20.0,157.42148,1;1;0;1;0;1;0;0;0;0;1;1;0;1;0;1;0;1;0;0;0;0;1;1;0;1;0;1;0;1;0;0;0;0;1;1;0;1;0;1;0;1;0;0;0;0;1;1;0;1;0;1;0;1;0;0;0;0;1;1;0;1;0;1;0;1;0;0;0;0;1;1;0;1;0;1;0;1;0;0;0;0;1;1;0;1;0;1,0;0;0;0;0;1;0;0;0;0;0;1;0;0;0;0;1;1;0;0;1;0;1;1;0;1;0;1;0;1;0;1;0;0;1;1;1;0;0;1;1;1;0;1;0;1;0;1;0;0;0;0;1;1;0;1;0;1;0;1;0;0;0;0;1;1;0;1;0;1;0;1;0;0;0;0;1;1;0;0;0;1;1;1;0;1;0;1
qubo-31.txt,91,32.473732,-30.0,-23.0,155.33492,0;0;0;0;1;1;0;1;0;1;0;1;0;0;0;0;1;1;0;1;0;1;0;1;0;0;0;0;1;1;0;1;0;1;0;1;0;0;0;0;1;1;0;1;0;1;0;1;0;0;0;0;1;1;0;1;0;1;0;1;0;0;0;0;1;1;0;1;0;1;0;1;0;0;0;0;1;1;0;1;0;1;0;1;0;0;0;0;1;1;0,1;1;0;1;0;1;0;0;0;0;1;1;0;1;0;1;0;1;0;0;0;0;1;1;0;1;0;1;1;0;1;1;0;1;0;1;0;0;0;0;1;1;0;1;0;1;0;1;0;1;0;0;0;1;0;1;0;0;0;1;0;0;0;0;1;1;0;0;1;0;1;1;0;1;0;1;0;1;0;0;0;0;1;1;0;1;0;1;1;1;1
qubo-32.txt,94,32.361713,-30.0,-23.0,123.16004,0;0;0;0;1;1;0;1;0;1;0;1;0;0;0;0;1;1;0;1;0;1;0;1;0;0;0;0;1;1;0;1;0;1;0;1;0;0;0;0;1;1;0;1;0;1;0;1;0;0;0;0;1;1;0;1;0;1;0;1;0;0;0;0;1;1;0;1;0;1;0;1;0;0;0;0;1;1;0;1;0;1;0;1;0;0;0;0;1;1;0;1;0;1,0;0;0;0;0;1;0;0;0;0;1;1;0;0;0;1;1;1;0;1;0;1;1;1;1;0;0;1;1;1;0;0;0;1;1;1;0;1;0;1;0;1;0;0;0;0;1;1;0;0;0;0;1;1;0;1;0;1;0;1;0;0;0;0;1;1;0;1;0;1;0;1;0;0;0;0;1;1;0;1;0;1;1;1;1;1;0;1;0;1;0;0;0;0
qubo-33.txt,97,28.422408,-32.0,-23.0,125.00204,1;1;0;1;0;1;0;0;0;0;1;1;0;1;0;1;0;1;0;0;0;0;1;1;0;1;0;1;0;1;0;0;0;0;1;1;0;1;0;1;0;1;0;0;0;0;1;1;0;1;0;1;0;1;0;0;0;0;1;1;0;1;0;1;0;1;0;0;0;0;1;1;0;1;0;1;0;1;0;0;0;0;1;1;0;1;0;1;0;1;0;0;0;0;1;1;0,0;0;0;0;0;1;0;0;0;0;1;1;0;0;0;0;1;1;0;1;0;1;0;1;0;1;0;0;0;1;0;0;0;0;1;1;0;0;0;0;1;1;0;1;0;1;0;1;0;1;0;1;0;1;0;1;0;1;0;1;0;0;0;0;1;1;0;1;0;1;0;1;0;0;0;0;1;1;0;0;0;1;1;1;0;1;0;1;1;1;1;0;0;0;1;1;0
qubo-34.txt,100,28.043121,-32.0,-24.0,125.69955999999999,0;0;0;0;1;1;0;1;0;1;0;1;0;0;0;0;1;1;0;1;0;1;0;1;0;0;0;0;1;1;0;1;0;1;0;1;0;0;0;0;1;1;0;1;0;1;0;1;0;0;0;0;1;1;0;1;0;1;0;1;0;0;0;0;1;1;0;1;0;1;0;1;0;0;0;0;1;1;0;1;0;1;0;1;0;0;0;0;1;1;0;1;0;1;0;1;0;0;0;0,0;0;0;0;1;1;0;0;0;0;1;1;0;1;0;1;0;1;0;1;0;1;0;1;0;0;0;0;0;1;0;1;0;0;1;1;1;1;0;1;1;1;1;1;0;1;1;1;0;1;0;1;0;1;0;0;0;0;1;1;0;1;0;1;0;1;0;0;0;0;1;1;0;0;0;1;1;1;0;1;0;1;0;1;0;0;0;0;1;1;0;1;0;1;0;1;0;0;0;0
qubo-35.txt,103,32.381992,-34.0,-26.0,161.90820000000002,0;0;0;0;1;1;0;1;0;1;0;1;0;0;0;0;1;1;0;1;0;1;0;1;0;0;0;0;1;1;0;1;0;1;0;1;0;0;0;0;1;1;0;1;0;1;0;1;0;0;0;0;1;1;0;1;0;1;0;1;0;0;0;0;1;1;0;1;0;1;0;1;0;0;0;0;1;1;0;1;0;1;0;1;0;0;0;0;1;1;0;1;0;1;0;1;0;0;0;0;1;1;0,0;0;0;0;1;1;0;0;0;1;1;1;0;1;0;1;0;1;0;0;0;0;1;1;0;1;0;1;0;1;0;0;0;0;1;1;0;0;0;1;1;1;0;1;0;1;0;1;0;0;0;0;1;1;0;1;0;1;0;1;0;1;0;1;0;0;1;0;0;0;1;1;0;1;0;1;1;1;0;1;0;1;0;1;0;0;0;0;1;1;0;1;0;1;0;1;0;0;0;0;0;1;0
qubo-36.txt,106,27.65884,-34.0,-25.0,139.80948,1;1;0;1;0;1;0;0;0;0;1;1;0;1;0;1;0;1;0;0;0;0;1;1;0;1;0;1;0;1;0;0;0;0;1;1;0;1;0;1;0;1;0;0;0;0;1;1;0;1;0;1;0;1;0;0;0;0;1;1;0;1;0;1;0;1;0;0;0;0;1;1;0;1;0;1;0;1;0;0;0;0;1;1;0;1;0;1;0;1;0;0;0;0;1;1;0;1;0;1;0;1;0;0;0;0,0;0;0;0;1;1;0;1;0;1;0;1;0;1;0;1;0;1;0;0;0;0;1;1;0;1;0;1;0;1;0;0;0;0;1;1;0;1;0;1;0;1;0;0;0;0;1;1;0;1;0;1;1;1;0;1;0;1;0;1;0;1;1;0;0;1;0;0;0;0;1;1;0;1;0;1;1;1;0;0;0;0;1;1;0;1;0;1;0;1;0;1;0;0;0;1;0;1;0;0;1;1;0;1;0;1
qubo-37.txt,109,28.147091,-36.0,-25.0,127.5026,0;0;0;0;1;1;0;1;0;1;0;1;0;0;0;0;1;1;0;1;0;1;0;1;0;0;0;0;1;1;0;1;0;1;0;1;0;0;0;0;1;1;0;1;0;1;0;1;0;0;0;0;1;1;0;1;0;1;0;1;0;0;0;0;1;1;0;1;0;1;0;1;0;0;0;0;1;1;0;1;0;1;0;1;0;0;0;0;1;1;0;1;0;1;0;1;0;0;0;0;1;1;0;1;0;1;0;1;0,0;0;0;0;1;1;0;1;0;1;1;1;1;1;0;1;0;1;0;0;0;0;1;1;0;1;0;1;0;1;0;0;0;0;1;1;0;1;0;1;0;1;0;0;0;0;1;1;0;1;0;1;1;1;0;1;1;1;0;1;0;1;1;0;0;1;0;0;0;0;1;1;0;1;0;1;1;1;1;1;0;1;1;1;1;1;0;1;0;1;0;0;0;0;1;1;0;1;0;1;1;1;0;0;0;1;1;1;0
qubo-38.txt,112,32.421921,-36.0,-25.0,102.39292,0;0;0;0;1;1;0;1;0;1;0;1;0;0;0;0;1;1;0;1;0;1;0;1;0;0;0;0;1;1;0;1;0;1;0;1;0;0;0;0;1;1;0;1;0;1;0;1;0;0;0;0;1;1;0;1;0;1;0;1;0;0;0;0;1;1;0;1;0;1;0;1;0;0;0;0;1;1;0;1;0;1;0;1;0;0;0;0;1;1;0;1;0;1;0;1;0;0;0;0;1;1;0;1;0;1;0;1;0;0;0;0,0;1;0;1;1;0;1;1;0;1;1;1;1;1;0;1;0;1;0;0;0;0;1;1;0;1;0;1;0;1;0;0;0;0;1;1;0;0;0;1;1;1;0;0;0;1;1;1;0;1;0;1;0;1;0;1;0;0;0;1;0;0;0;0;1;1;0;1;0;1;0;1;0;1;0;1;0;1;0;1;0;1;0;1;0;0;0;0;1;1;0;1;0;1;0;1;0;0;0;0;1;1;0;0;0;1;0;1;0;0;0;0
qubo-39.txt,115,32.939369000000006,-38.0,-28.0,129.32532,1;1;0;1;0;1;0;0;0;0;1;1;0;1;0;1;0;1;0;0;0;0;1;1;0;1;0;1;0;1;0;0;0;0;1;1;0;1;0;1;0;1;0;0;0;0;1;1;0;1;0;1;0;1;0;0;0;0;1;1;0;1;0;1;0;1;0;0;0;0;1;1;0;1;0;1;0;1;0;0;0;0;1;1;0;1;0;1;0;1;0;0;0;0;1;1;0;1;0;1;0;1;0;0;0;0;1;1;0;1;0;1;0;1;0,1;1;0;1;0;1;0;0;0;0;1;1;0;1;0;1;0;1;0;0;0;0;1;1;0;0;0;1;1;1;0;1;0;1;0;1;0;1;0;0;0;1;0;0;0;0;1;1;0;1;0;1;0;1;0;0;0;0;1;1;0;0;0;1;1;1;0;0;0;1;1;1;0;1;0;1;0;1;0;0;0;0;1;1;0;1;0;1;1;1;0;1;0;1;0;1;0;1;0;0;0;1;0;1;0;0;1;1;1;0;0;0;0;1;0
qubo-40.txt,118,28.675489,-38.0,-27.0,131.74236,1;1;0;1;0;1;0;0;0;0;1;1;0;1;0;1;0;1;0;0;0;0;1;1;0;1;0;1;0;1;0;0;0;0;1;1;0;1;0;1;0;1;0;0;0;0;1;1;0;1;0;1;0;1;0;0;0;0;1;1;0;1;0;1;0;1;0;0;0;0;1;1;0;1;0;1;0;1;0;0;0;0;1;1;0;1;0;1;0;1;0;0;0;0;1;1;0;1;0;1;0;1;0;0;0;0;1;1;0;1;0;1;0;1;0;0;0;0,1;1;0;1;0;1;0;0;0;0;0;1;0;1;0;0;0;1;0;0;0;0;1;1;0;1;0;1;0;1;0;0;0;0;1;1;0;0;1;0;1;1;0;1;0;1;1;1;0;0;0;0;1;1;0;1;0;1;0;1;0;0;0;0;1;1;0;1;0;1;0;1;0;0;0;0;1;1;0;0;0;1;1;1;0;1;0;1;1;1;1;1;0;1;0;1;0;1;0;1;1;1;1;0;0;0;1;1;0;1;0;1;0;1;0;0;0;0
qubo-41.txt,121,31.548921,-40.0,-27.0,130.51116,0;0;0;0;1;1;0;1;0;1;0;1;0;0;0;0;1;1;0;1;0;1;0;1;0;0;0;0;1;1;0;1;0;1;0;1;0;0;0;0;1;1;0;1;0;1;0;1;0;0;0;0;1;1;0;1;0;1;0;1;0;0;0;0;1;1;0;1;0;1;0;1;0;0;0;0;1;1;0;1;0;1;0;1;0;0;0;0;1;1;0;1;0;1;0;1;0;0;0;0;1;1;0;1;0;1;0;1;0;0;0;0;1;1;0;1;0;1;0;1;0,0;0;0;0;1;1;0;1;0;1;0;1;0;1;0;1;1;1;1;1;0;1;0;1;0;0;0;0;1;1;0;1;0;1;1;1;1;1;0;1;0;1;0;0;0;0;1;1;0;0;0;0;1;1;0;0;0;0;1;1;0;0;0;1;1;1;0;1;0;1;1;1;0;1;0;1;0;1;0;1;0;0;0;1;0;0;0;0;0;1;0;0;0;0;1;1;0;0;1;0;1;1;0;1;0;1;1;0;1;1;0;1;0;1;0;0;0;0;1;1;0
qubo-42.txt,124,33.660921,-40.0,-30.0,116.443,0;0;0;0;1;1;0;1;0;1;0;1;0;0;0;0;1;1;0;1;0;1;0;1;0;0;0;0;1;1;0;1;0;1;0;1;0;0;0;0;1;1;0;1;0;1;0;1;0;0;0;0;1;1;0;1;0;1;0;1;0;0;0;0;1;1;0;1;0;1;0;1;0;0;0;0;1;1;0;1;0;1;0;1;0;0;0;0;1;1;0;1;0;1;0;1;0;0;0;0;1;1;0;1;0;1;0;1;0;0;0;0;1;1;0;1;0;1;0;1;0;0;0;0,0;1;0;1;0;1;0;0;0;0;1;1;0;1;0;1;0;1;0;0;0;0;1;1;0;1;0;1;0;1;0;0;0;0;1;1;0;1;0;1;0;1;0;0;0;0;1;1;0;1;0;1;0;1;0;0;0;0;1;1;0;1;0;1;1;1;1;0;1;0;1;1;0;1;0;1;1;1;1;0;0;0;1;1;0;1;0;1;0;1;0;0;0;0;1;1;0;0;0;1;1;1;0;1;0;1;0;1;0;0;0;0;0;1;0;1;0;0;1;1;1;1;0;1
qubo-43.txt,127,33.282593999999996,-42.0,-28.0,170.67244,0;0;0;0;1;1;0;1;0;1;0;1;0;0;0;0;1;1;0;1;0;1;0;1;0;0;0;0;1;1;0;1;0;1;0;1;0;0;0;0;1;1;0;1;0;1;0;1;0;0;0;0;1;1;0;1;0;1;0;1;0;0;0;0;1;1;0;1;0;1;0;1;0;0;0;0;1;1;0;1;0;1;0;1;0;0;0;0;1;1;0;1;0;1;0;1;0;0;0;0;1;1;0;1;0;1;0;1;0;0;0;0;1;1;0;1;0;1;0;1;0;0;0;0;1;1;0,1;1;0;1;1;1;0;1;0;1;1;1;1;1;0;1;0;1;0;0;0;0;1;1;0;1;0;1;0;1;0;0;0;0;1;1;0;1;0;1;0;1;0;1;1;0;1;1;1;1;0;1;0;0;0;0;0;0;1;1;0;0;0;0;1;1;0;1;0;1;0;1;0;0;0;0;1;1;0;1;0;1;1;1;0;1;0;1;1;1;1;1;0;1;1;1;1;1;0;1;0;1;0;1;0;0;0;1;0;0;0;0;1;1;0;1;0;1;0;1;0;1;0;1;0;1;0
qubo-44.txt,130,34.484618000000005,-42.0,-27.0,106.03796000000001,1;1;0;1;0;1;0;0;0;0;1;1;0;1;0;1;0;1;0;0;0;0;1;1;0;1;0;1;0;1;0;0;0;0;1;1;0;1;0;1;0;1;0;0;0;0;1;1;0;1;0;1;0;1;0;0;0;0;1;1;0;1;0;1;0;1;0;0;0;0;1;1;0;1;0;1;0;1;0;0;0;0;1;1;0;1;0;1;0;1;0;0;0;0;1;1;0;1;0;1;0;1;0;0;0;0;1;1;0;1;0;1;0;1;0;0;0;0;1;1;0;1;0;1;0;1;0;0;0;0,0;0;0;0;1;1;0;1;0;1;1;1;1;1;0;1;1;1;1;0;0;0;1;1;0;1;0;1;1;1;0;1;0;1;0;1;0;0;0;0;1;1;0;1;0;1;0;1;0;0;0;1;1;1;0;0;0;0;0;0;0;0;0;0;1;1;0;0;0;1;1;1;0;1;0;1;0;1;0;1;0;1;0;1;0;0;0;0;1;1;0;1;0;1;0;1;0;0;0;0;1;1;0;1;0;1;0;1;0;0;0;0;0;0;0;0;0;0;1;1;0;1;0;1;0;1;0;0;0;0
qubo-45.txt,133,28.920515,-44.0,-29.0,102.35116000000001,0;0;0;0;1;1;0;1;0;1;0;1;0;0;0;0;1;1;0;1;0;1;0;1;0;0;0;0;1;1;0;1;0;1;0;1;0;0;0;0;1;1;0;1;0;1;0;1;0;0;0;0;1;1;0;1;0;1;0;1;0;0;0;0;1;1;0;1;0;1;0;1;0;0;0;0;1;1;0;1;0;1;0;1;0;0;0;0;1;1;0;1;0;1;0;1;0;0;0;0;1;1;0;1;0;1;0;1;0;0;0;0;1;1;0;1;0;1;0;1;0;0;0;0;1;1;0;1;0;1;0;1;0,0;1;0;1;0;1;0;0;0;0;1;1;0;1;0;1;0;1;0;0;0;0;0;1;0;0;0;0;1;1;0;0;1;0;0;1;0;1;0;0;0;1;0;0;0;0;1;1;0;1;0;1;0;1;0;0;0;0;1;1;0;1;0;1;0;1;0;1;0;1;1;1;0;0;0;0;1;1;0;1;0;1;0;1;0;1;0;1;0;1;0;0;0;0;1;1;0;0;0;0;1;1;0;1;0;1;1;1;0;0;0;1;1;1;0;0;0;0;1;1;0;1;0;1;0;1;0;1;0;1;0;1;0
qubo-46.txt,136,29.699673999999998,-44.0,-29.0,128.627,0;0;0;0;1;1;0;1;0;1;0;1;0;0;0;0;1;1;0;1;0;1;0;1;0;0;0;0;1;1;0;1;0;1;0;1;0;0;0;0;1;1;0;1;0;1;0;1;0;0;0;0;1;1;0;1;0;1;0;1;0;0;0;0;1;1;0;1;0;1;0;1;0;0;0;0;1;1;0;1;0;1;0;1;0;0;0;0;1;1;0;1;0;1;0;1;0;0;0;0;1;1;0;1;0;1;0;1;0;0;0;0;1;1;0;1;0;1;0;1;0;0;0;0;1;1;0;1;0;1;0;1;0;0;0;0,1;1;0;1;0;1;0;0;0;0;0;1;0;1;0;0;0;1;0;1;0;1;0;1;0;0;0;0;1;1;0;1;0;1;0;1;0;0;0;0;0;1;0;0;0;0;1;1;0;1;0;1;0;1;0;1;1;0;1;1;1;0;0;0;1;1;0;1;0;1;0;1;0;0;0;0;1;1;0;1;0;1;0;1;0;0;0;0;1;1;0;0;0;0;1;1;0;0;1;0;1;1;0;1;0;1;1;1;0;0;0;0;1;1;0;1;0;1;1;1;1;1;0;1;0;1;0;1;0;1;0;1;0;0;0;0
qubo-47.txt,139,34.389237,-46.0,-31.0,167.60044,0;0;0;0;1;1;0;1;0;1;0;1;0;0;0;0;1;1;0;1;0;1;0;1;0;0;0;0;1;1;0;1;0;1;0;1;0;0;0;0;1;1;0;1;0;1;0;1;0;0;0;0;1;1;0;1;0;1;0;1;0;0;0;0;1;1;0;1;0;1;0;1;0;0;0;0;1;1;0;1;0;1;0;1;0;0;0;0;1;1;0;1;0;1;0;1;0;0;0;0;1;1;0;1;0;1;0;1;0;0;0;0;1;1;0;1;0;1;0;1;0;0;0;0;1;1;0;1;0;1;0;1;0;0;0;0;1;1;0,1;1;0;1;0;1;0;0;0;0;1;1;0;1;0;1;1;1;1;0;0;1;0;1;0;1;0;1;0;1;0;1;0;1;0;1;0;0;0;0;1;1;0;0;0;1;1;1;0;1;0;1;1;0;1;0;0;1;1;1;0;0;0;1;1;1;0;0;0;0;1;1;0;1;0;1;0;1;0;0;0;0;1;1;0;0;0;0;1;1;0;1;0;1;0;1;0;0;0;0;1;1;0;1;0;1;0;1;0;1;0;0;0;1;0;0;0;0;1;1;0;0;0;0;1;1;0;1;0;1;0;1;0;0;0;0;0;1;0
qubo-48.txt,142,32.967754,-46.0,-30.0,131.55644,0;0;0;0;1;1;0;1;0;1;0;1;0;0;0;0;1;1;0;1;0;1;0;1;0;0;0;0;1;1;0;1;0;1;0;1;0;0;0;0;1;1;0;1;0;1;0;1;0;0;0;0;1;1;0;1;0;1;0;1;0;0;0;0;1;1;0;1;0;1;0;1;0;0;0;0;1;1;0;1;0;1;0;1;0;0;0;0;1;1;0;1;0;1;0;1;0;0;0;0;1;1;0;1;0;1;0;1;0;0;0;0;1;1;0;1;0;1;0;1;0;0;0;0;1;1;0;1;0;1;0;1;0;0;0;0;1;1;0;1;0;1,1;1;0;1;1;1;1;1;0;1;0;1;0;0;0;0;0;0;0;0;0;0;1;1;0;0;0;1;1;1;0;1;0;1;0;1;0;0;0;0;0;1;0;1;0;0;0;1;0;0;0;0;1;1;0;0;0;0;1;1;0;1;0;1;0;1;0;0;0;0;1;1;0;1;0;1;0;1;0;0;0;0;1;1;0;1;0;1;1;1;0;1;0;1;1;0;1;0;0;1;1;1;0;1;0;1;1;1;1;1;0;1;0;1;0;0;0;0;1;1;0;0;0;1;1;1;0;1;0;1;0;0;0;0;0;0;1;1;0;1;0;1
qubo-49.txt,145,34.335463,-48.0,-33.0,132.25196,1;1;0;1;0;1;0;0;0;0;1;1;0;1;0;1;0;1;0;0;0;0;1;1;0;1;0;1;0;1;0;0;0;0;1;1;0;1;0;1;0;1;0;0;0;0;1;1;0;1;0;1;0;1;0;0;0;0;1;1;0;1;0;1;0;1;0;0;0;0;1;1;0;1;0;1;0;1;0;0;0;0;1;1;0;1;0;1;0;1;0;0;0;0;1;1;0;1;0;1;0;1;0;0;0;0;1;1;0;1;0;1;0;1;0;0;0;0;1;1;0;1;0;1;0;1;0;0;0;0;1;1;0;1;0;1;0;1;0;0;0;0;1;1;0,0;0;0;0;1;1;0;1;0;1;1;1;0;1;0;1;0;1;0;1;0;1;0;1;0;0;0;0;0;1;0;0;0;0;1;1;0;0;0;1;1;1;0;1;0;1;0;1;0;1;0;1;0;1;0;0;0;0;0;1;0;0;0;0;0;1;0;1;0;1;0;1;0;1;0;0;1;1;0;0;0;0;1;1;0;1;0;1;1;1;1;1;0;1;0;1;0;0;0;0;1;1;0;0;0;0;1;1;0;1;0;1;0;1;0;0;0;0;1;1;0;0;0;1;1;1;0;0;0;0;1;1;0;1;0;1;0;1;0;0;0;0;1;1;0
qubo-50.txt,148,33.779120000000006,-48.0,-33.0,166.27004,0;0;0;0;1;1;0;1;0;1;0;1;0;0;0;0;1;1;0;1;0;1;0;1;0;0;0;0;1;1;0;1;0;1;0;1;0;0;0;0;1;1;0;1;0;1;0;1;0;0;0;0;1;1;0;1;0;1;0;1;0;0;0;0;1;1;0;1;0;1;0;1;0;0;0;0;1;1;0;1;0;1;0;1;0;0;0;0;1;1;0;1;0;1;0;1;0;0;0;0;1;1;0;1;0;1;0;1;0;0;0;0;1;1;0;1;0;1;0;1;0;0;0;0;1;1;0;1;0;1;0;1;0;0;0;0;1;1;0;1;0;1;0;1;0;0;0;0,1;1;0;1;0;1;0;0;0;0;0;1;0;1;0;1;1;1;0;0;0;1;1;1;0;1;0;1;0;1;0;0;0;0;1;1;0;1;0;1;1;1;1;1;0;1;1;1;1;1;0;1;0;1;0;0;0;0;1;1;0;1;0;1;0;1;0;0;0;0;1;1;0;1;0;1;0;1;0;0;0;0;1;1;0;1;0;1;0;1;0;0;0;0;0;1;0;0;0;0;1;1;0;1;0;1;0;1;0;0;0;0;1;1;0;0;0;1;1;1;0;0;0;0;0;1;0;1;0;0;0;1;0;1;0;0;0;0;0;0;0;0;1;1;0;1;0;1
